{
  "num_sent": 100000,
  "num_received": 100000,
  "time_taken": 7.130737066268921,
  "publish_rate": 14023.795726957564
}